Sector,Sub-Sector,Use,Province,1990,1991,1992,1993,1994,1995,1996,1997,1998,1999,2000,2001,2002,2003,2004,2005,2006,2007,2008,2009,2010,2011,2012,2013,2014,2015,2016,2017,2018,2019,2020,2021,2022,2023
Transport,Road,End use Combustion of Energy Carriers,British-Columbia,10502,10601,11086,11529,12207,12662,13057,13557,13718,13726,13472,13350,13275,14079,14801,14033,13984,14480,14918,14758,14330,13278,13736,14533,14660,14607,15428,15355,15717,15487,13974,15099,15652,15467
Transport,Off Road,End use Combustion of Energy Carriers,British-Columbia,4496,4692,4369,4507,4851,5208,5409,5756,6105,5865,6392,6547,6223,5992,6426,6184,5766,5752,5690,4120,4574,4546,4756,5230,5101,6148,6451,7138,7875,7668,7091,7618,7935,8174
Transport,Marine,End use Combustion of Energy Carriers,British-Columbia,782,806,830,853,876,900,911,923,935,948,961,974,987,1000,1012,1024,1016,1007,997,988,957,980,1005,1033,1060,1080,1065,1151,1201,1200,1166,1155,1230,1163
Transport,Rail,End use Combustion of Energy Carriers,British-Columbia,1748,1804,1664,1641,1602,1664,1694,1637,1484,1469,1356,1329,1232,1267,1379,1431,1479,1524,1425,1328,1440,1441,1556,1543,1529,1496,1443,1532,1709,1820,1797,1776,1775,1787
Transport,Air,End use Combustion of Energy Carriers,British-Columbia,1339,1161,1151,1084,1141,1260,1416,1472,1543,1605,1549,1414,1366,1366,1499,1547,1522,1461,1378,1240,1198,1146,1314,1345,1306,1318,1345,1462,1602,1601,905,1121,1537,1693
Buildings,Residential,End use Combustion of Energy Carriers,British-Columbia,4351,4257,4143,4662,4425,4467,5049,4601,4503,4804,4669,4548,4352,4098,3953,4430,4519,4465,4378,4352,4358,4374,4047,4013,3830,3741,3863,4261,4020,4183,4240,4325,4480,3962
Buildings,Commercial,End use Combustion of Energy Carriers,British-Columbia,2946,3209,3318,3710,3437,3514,3553,3435,3041,3132,3543,3532,4132,3376,3258,3133,3064,3027,3228,2865,2626,2932,2933,2716,2638,2425,2717,2864,2777,2925,3004,3124,3322,3111
Non Energy Ind,Non Energy Ind,End use Combustion of Energy Carriers,British-Columbia,7727,7424,6655,7213,7100,7881,8634,8127,7494,8209,8774,9038,7525,7648,7282,6654,5350,5202,4552,4414,4824,4904,5137,5100,5373,5376,5865,6038,6236,5640,5218,5228,4999,5179
Energy Sector,Oil and Gas,Production of Energy Carriers,British-Columbia,8502,7881,6916,6674,8812,10074,11538,10077,10974,12001,10981,12646,12775,12631,13460,13530,14388,14919,15499,15083,15491,16137,15635,15826,15448,14401,14043,13793,13859,13184,13103,12546,12294,11293
Energy Sector,Electricity,Production of Energy Carriers,British-Columbia,804,471,938,1960,1803,2329,638,1096,1826,1037,2102,2637,1169,1028,1255,1334,1515,1379,1763,1665,1562,817,734,894,838,789,745,637,817,1047,735,961,894,757
Ind Processes,Ind Processes,Non-Energy Emissions,British-Columbia,3189,3193,3260,3341,3574,3689,3812,4214,4388,4438,4667,4071,4215,4575,4920,4526,3907,4190,4217,3988,4002,3838,3901,3875,3912,3591,3948,3697,3979,3902,3631,3524,3273,3717
Agric,Agric,Non-Energy Emissions,British-Columbia,2097,2130,2243,2244,2316,2410,2439,2431,2381,2498,2536,2578,2603,2682,2737,2703,2498,2407,2314,2158,2083,2074,2100,2159,2157,2215,2302,2294,2366,2312,2322,2316,2267,2240
Waste,Waste,Non-Energy Emissions,British-Columbia,2684,2548,2587,2604,2687,2812,2904,2791,2876,2880,2970,2770,2773,2883,2774,2730,2867,2920,2929,3009,2951,2951,2729,2591,2553,2537,2395,2329,2344,2319,1900,1795,1878,1876
Transport,Road,End use Combustion of Energy Carriers,Alberta,12026,10934,11103,11458,12875,12966,13217,13997,14617,14814,14944,15764,15280,15877,16874,17409,19017,21075,21812,22187,22845,21630,22270,23689,24638,21930,20400,20901,22112,22334,18094,18319,18608,18551
Transport,Off Road,End use Combustion of Energy Carriers,Alberta,7611,7315,7765,7962,8815,9186,10364,11775,12017,11966,12117,13024,12253,12071,12281,12591,13289,11546,11297,10261,12403,12882,12695,13262,13280,13944,14471,16250,16456,17289,15203,16266,17018,16210
Transport,Marine,End use Combustion of Energy Carriers,Alberta,0,0,0,0,0,0,0,-,-,-,-,-,-,-,-,-,-,-,-,0,0,-,-,-,-,-,-,-,-,-,-,-,-,-
Transport,Rail,End use Combustion of Energy Carriers,Alberta,431,449,458,467,714,698,693,755,772,749,735,735,718,823,841,880,868,1012,890,805,880,844,931,920,955,921,909,993,1010,992,961,882,888,889
Transport,Air,End use Combustion of Energy Carriers,Alberta,1135,972,963,913,981,1041,1117,1145,1259,1363,1305,1222,1235,1230,1294,1346,1408,1497,1457,1268,1289,1262,1477,1601,1576,1569,1484,1534,1702,1668,901,1043,1442,1607
Buildings,Residential,End use Combustion of Energy Carriers,Alberta,6717,6680,6515,6694,7363,7697,8812,7830,7727,7557,8385,7280,8108,8243,8167,7473,7527,8936,8750,8611,8176,8668,8582,8645,8554,8230,8413,8577,8956,8878,8671,8175,8647,8030
Buildings,Commercial,End use Combustion of Energy Carriers,Alberta,5041,4841,4485,4620,4649,5610,5054,5096,4914,4693,5428,4866,5821,6143,6102,5612,5329,5832,5608,5656,5567,5904,6202,6223,6360,5808,6458,7812,8404,8628,8116,7814,8474,7993
Non Energy Ind,Non Energy Ind,End use Combustion of Energy Carriers,Alberta,11449,11387,11293,10241,10739,11839,12350,13096,11835,12251,12184,10183,9745,9010,9557,9503,9972,9977,9899,10076,11216,12519,11872,12716,12295,11082,10414,9721,9735,10329,9636,9458,9417,9753
Energy Sector,Oil and Gas,Production of Energy Carriers,Alberta,70997,71733,76064,79789,80987,83192,86970,86984,88727,95239,100739,102159,103697,108161,106775,110682,116890,123127,121784,121042,126181,132954,137664,142019,144169,143881,131914,138553,143583,143888,137588,143474,141082,141008
Energy Sector,Electricity,Production of Energy Carriers,Alberta,39743,41541,44693,45362,48651,48165,47520,49626,49752,48163,50220,51238,51337,52865,50991,51960,52295,52332,52673,48871,49027,48777,47046,48249,49306,46750,45895,46776,36613,36307,32236,28273,24712,25385
Ind Processes,Ind Processes,Non-Energy Emissions,Alberta,6716,6684,6220,7259,7811,7661,8797,9595,8949,9312,9371,8880,9291,11354,11021,11350,11816,11370,11147,10560,10992,12025,15444,13290,11542,13211,12822,12443,12922,12686,12401,12738,12561,12347
Agric,Agric,Non-Energy Emissions,Alberta,12611,12986,13558,14292,15062,16010,16100,16048,16469,16921,17545,17823,17459,17282,17724,18424,17768,17730,17590,16542,16040,16029,16421,16849,16803,16874,16809,16344,16825,17064,17531,17421,17931,16887
Waste,Waste,Non-Energy Emissions,Alberta,2145,1928,2015,2093,2207,2328,2374,2428,2586,2671,2768,2851,2927,2974,3143,3288,3306,3366,3498,3607,3628,3722,3843,4015,4159,4317,4462,4472,4567,4538,4598,4597,4650,4680
Transport,Road,End use Combustion of Energy Carriers,Saskatchewan ,3156,3558,3762,3925,4330,4116,4179,4010,3974,4010,4191,4240,4727,4975,4943,4984,5459,5861,6325,7087,7251,6425,7045,7730,7209,7331,6989,7174,7195,7041,6392,6666,6477,6395
Transport,Off Road,End use Combustion of Energy Carriers,Saskatchewan ,5269,5232,5622,5714,5681,6180,6363,6557,6358,6625,6254,5164,5253,5106,5148,6026,5586,6710,6828,6429,6589,6875,7129,7620,8559,8637,7892,8360,8911,8698,8340,8411,8460,8422
Transport,Marine,End use Combustion of Energy Carriers,Saskatchewan ,0,0,-,-,-,0,-,-,-,-,-,-,-,-,-,-,-,-,-,-,-,-,-,-,-,-,-,-,-,-,-,-,-,-
Transport,Rail,End use Combustion of Energy Carriers,Saskatchewan ,636,675,683,677,587,578,565,674,620,608,591,601,616,606,647,670,687,729,797,660,726,717,766,764,791,784,748,811,903,894,790,743,732,735
Transport,Air,End use Combustion of Energy Carriers,Saskatchewan ,259,210,195,187,187,192,198,186,215,207,218,200,200,182,173,192,197,201,206,187,197,195,228,242,234,234,225,224,235,218,117,147,181,198
Buildings,Residential,End use Combustion of Energy Carriers,Saskatchewan ,2080,2086,1992,2071,2013,2073,2382,2022,1847,1895,1926,1904,1990,1758,1723,1620,1719,1658,1738,1796,1947,1806,1764,1886,1892,1739,1701,1845,2035,2133,1912,1879,2031,1729
Buildings,Commercial,End use Combustion of Energy Carriers,Saskatchewan ,984,981,898,1434,1269,1174,1378,1166,1221,1558,1653,1506,1885,1735,1576,1537,1360,1249,1362,1633,1399,1299,1135,1143,1155,1143,1388,1508,1667,1747,1582,1545,1717,1528
Non Energy Ind,Non Energy Ind,End use Combustion of Energy Carriers,Saskatchewan ,2128,2652,3197,2522,3165,2988,3328,3118,3051,2984,2851,2737,2661,2391,2387,2147,2525,2653,2591,1611,1848,2629,2574,2189,2458,2385,2258,2840,3790,3436,3128,3504,3668,3612
Energy Sector,Oil and Gas,Production of Energy Carriers,Saskatchewan ,15383,17273,20218,23712,26555,28887,29162,31588,31020,30749,33253,33871,34086,34766,35912,34792,34689,34040,32449,29723,29179,29834,31994,32967,36072,36085,31860,34514,34343,32691,24950,24090,23700,23307
Energy Sector,Electricity,Production of Energy Carriers,Saskatchewan ,11120,11293,12825,13021,13840,14317,14325,14993,15144,14888,14499,15025,15019,15926,16651,15282,14843,15310,15348,16439,16224,15639,16227,15174,15291,16210,16168,16698,16355,16034,13922,16115,14839,14618
Ind Processes,Ind Processes,Non-Energy Emissions,Saskatchewan ,360,451,410,499,537,506,605,654,628,587,676,751,740,758,825,863,906,890,855,818,929,1064,997,1188,863,859,844,778,716,718,865,846,834,818
Agric,Agric,Non-Energy Emissions,Saskatchewan ,6135,6238,6957,7384,7777,8271,8764,8801,8777,8718,8995,8998,9109,10154,10437,10966,10565,10471,10787,10078,9500,9644,10250,10925,10378,10608,10811,11011,11079,11091,11173,11052,11197,11157
Waste,Waste,Non-Energy Emissions,Saskatchewan ,997,1035,1073,1110,1149,1187,1225,1258,1287,1312,1334,1355,1372,1373,1375,1376,1378,1353,1358,1365,1375,1385,1398,1365,1366,1374,1362,1388,1381,1415,1419,1410,1394,1393
Transport,Road,End use Combustion of Energy Carriers,Manitoba,3494,3439,3500,3521,3707,3769,3732,3629,3665,3724,3713,3695,3792,3910,4020,3876,3996,4318,3990,4094,4169,4052,4628,4396,4478,4152,4324,4333,4629,4602,4076,4245,4394,4486
Transport,Off Road,End use Combustion of Energy Carriers,Manitoba,2603,2591,2791,2835,2777,3130,3139,3060,2760,2871,2653,2387,2542,2412,2565,2825,2591,2511,2345,1721,1781,2116,2664,2683,2942,2915,2969,3096,3366,3179,3029,2963,3005,2914
Transport,Marine,End use Combustion of Energy Carriers,Manitoba,3,3,3,4,4,4,4,4,4,4,4,4,4,4,4,3,6,8,10,12,14,11,9,6,4,1,0,1,4,2,1,0,1,0
Transport,Rail,End use Combustion of Energy Carriers,Manitoba,493,516,488,486,516,473,399,498,456,443,439,447,445,466,466,503,514,508,538,444,486,503,532,530,558,540,477,522,542,521,468,461,452,461
Transport,Air,End use Combustion of Energy Carriers,Manitoba,471,408,423,390,448,465,534,561,518,539,542,486,491,508,519,533,534,549,513,443,449,433,485,506,469,437,433,475,515,511,311,358,444,494
Buildings,Residential,End use Combustion of Energy Carriers,Manitoba,1623,1530,1449,1461,1398,1445,1604,1427,1251,1279,1355,1204,1239,1204,1201,1063,906,1023,1092,1043,960,1025,1014,1194,1199,1012,1048,1116,1212,1214,1137,1055,1204,1020
Buildings,Commercial,End use Combustion of Energy Carriers,Manitoba,1403,1424,1476,1527,1430,1587,1666,1640,1491,1462,1660,1565,1682,1554,1550,1402,1260,1375,1463,1360,1178,1209,1167,1380,1443,1305,1320,1372,1530,1506,1434,1372,1581,1400
Non Energy Ind,Non Energy Ind,End use Combustion of Energy Carriers,Manitoba,1366,1262,1132,1098,1085,1138,1244,1176,1227,1391,1383,1363,1564,1447,1560,1673,1734,1907,1960,1884,1613,1464,1512,1485,1418,1608,1713,1750,1489,1490,1487,1399,1559,1579
Energy Sector,Oil and Gas,Production of Energy Carriers,Manitoba,738,723,712,702,677,663,651,626,589,541,509,483,474,423,371,413,479,498,565,604,606,695,780,830,860,821,772,740,751,809,740,734,804,836
Energy Sector,Electricity,Production of Energy Carriers,Manitoba,519,385,389,299,311,198,304,272,1010,604,1070,550,458,812,611,361,425,501,446,202,92,122,112,120,126,124,69,69,41,40,41,56,48,74
Ind Processes,Ind Processes,Non-Energy Emissions,Manitoba,489,423,293,342,344,344,373,402,589,586,609,615,638,591,625,694,726,712,737,716,895,921,796,847,789,851,838,861,958,927,934,875,939,886
Agric,Agric,Non-Energy Emissions,Manitoba,4227,4346,4661,4671,5041,5204,5412,5586,5746,5605,5708,5656,5937,6201,6241,6053,6616,6095,6227,5830,5701,5374,5595,5891,5571,5763,5856,5931,6017,6023,6291,5957,5942,5763
Waste,Waste,Non-Energy Emissions,Manitoba,883,916,948,982,1015,1048,1081,1111,1141,1172,1197,1219,1240,1256,1274,1293,1306,1325,1344,1359,1380,1395,1413,1374,1338,1350,1363,1383,1392,1395,1203,1205,1363,1365
Transport,Road,End use Combustion of Energy Carriers,Ontario,34122,32915,33521,34448,35559,35907,36247,37860,38349,39867,40747,40692,41773,42818,45029,47131,46091,46276,45824,47059,48399,47703,45604,47292,46027,45306,44196,44123,45378,45971,37484,38993,40942,41197
Transport,Off Road,End use Combustion of Energy Carriers,Ontario,9075,8866,10155,10589,10547,11925,12631,12894,13422,14384,14255,12693,13219,12762,11541,12253,11371,9644,8843,7861,8084,8475,7917,8445,8051,9781,10316,10474,11054,10813,9507,10002,10522,10596
Transport,Marine,End use Combustion of Energy Carriers,Ontario,165,165,166,166,166,166,171,177,182,186,191,197,202,208,214,219,215,210,206,201,197,213,230,247,264,282,293,312,303,310,342,302,297,323
Transport,Rail,End use Combustion of Energy Carriers,Ontario,1884,1904,1883,1893,1972,1861,1867,1841,1817,1834,2010,2080,2108,1985,1988,2106,2061,2040,1997,1594,1719,1710,1736,1671,1864,1765,1554,1650,1544,1499,1341,1303,1268,1284
Transport,Air,End use Combustion of Energy Carriers,Ontario,2368,1998,1954,1800,1946,2059,2097,2194,2261,2378,2357,2181,2095,2113,2250,2218,2219,2210,2112,1923,1956,1953,2251,2342,2238,2267,2283,2412,2592,2591,1349,1575,2279,2457
Buildings,Residential,End use Combustion of Energy Carriers,Ontario,17119,16768,17958,19146,19978,19163,21188,19985,16318,17670,18794,17774,18633,20450,19185,19981,18360,20257,20353,18932,18113,19707,17590,19645,19611,19821,17129,17126,18037,18524,17164,16724,17321,15962
Buildings,Commercial,End use Combustion of Energy Carriers,Ontario,9168,9670,10302,10219,9993,9924,10994,11466,10393,11607,13113,13374,12493,13302,12867,12716,11316,11874,11892,11330,10870,11808,11018,12043,13338,12853,15649,15836,16598,16993,15416,13237,13808,13539
Non Energy Ind,Non Energy Ind,End use Combustion of Energy Carriers,Ontario,23750,22788,22458,21073,22319,23179,22914,23033,21773,22025,21483,20404,21299,20561,21045,19862,19454,20062,19154,16163,16882,18081,17939,18001,18497,17769,17911,18270,17416,17625,16293,17043,17762,17429
Energy Sector,Oil and Gas,Production of Energy Carriers,Ontario,8669,7905,8566,8799,8373,8287,9466,9390,9800,9548,9609,9597,10218,9992,10294,9423,9497,9745,9498,8971,9159,8928,8376,7712,7530,7047,7008,5484,5871,6455,6310,6714,6826,6894
Energy Sector,Electricity,Production of Energy Carriers,Ontario,25594,27214,26886,17840,15603,17784,20357,25908,34234,36240,43697,41164,40777,40719,32771,33903,30534,33653,28095,15180,20153,13497,13349,10243,6402,6342,5619,2595,4158,3965,4951,5735,6810,8279
Ind Processes,Ind Processes,Non-Energy Emissions,Ontario,29382,30278,30329,28811,30108,30805,31984,30565,27812,26017,25474,23589,25006,24612,28490,25262,25936,25354,25459,19259,21382,22828,24931,23857,24480,24026,24896,23589,24768,24039,21666,23084,22882,23410
Agric,Agric,Non-Energy Emissions,Ontario,9531,9293,9371,9379,9446,9701,9727,9692,9683,9539,9395,9336,9598,9723,9599,9367,9407,9083,8723,8862,8967,8837,8723,9017,8641,8670,8963,8927,8842,8986,9681,9507,9564,10092
Waste,Waste,Non-Energy Emissions,Ontario,7389,7682,7574,7714,7838,8006,7508,7241,7203,7258,7460,7384,7783,7815,7787,7980,7813,7678,7784,7451,7084,7311,7316,7546,7446,7337,7294,7128,7069,7172,7247,7362,7278,7265
Transport,Road,End use Combustion of Energy Carriers,Quebec,20806,19705,20218,21250,22135,21924,22596,22911,23423,23685,23274,22760,23009,24989,25220,24829,25073,26827,27299,26525,26416,26776,26193,25338,24479,25141,25949,26844,26443,26510,22316,24266,25655,26044
Transport,Off Road,End use Combustion of Energy Carriers,Quebec,4259,3974,4093,4069,4442,5022,4524,4901,5032,5323,5477,5466,5941,5885,5893,6140,5853,5358,5261,5821,5627,6525,6399,6805,6221,6203,5628,6503,6686,7184,6490,6954,6666,6591
Transport,Marine,End use Combustion of Energy Carriers,Quebec,671,686,701,715,731,744,760,775,791,806,821,841,861,879,899,919,905,892,880,867,852,832,817,802,787,772,780,813,855,836,662,669,779,796
Transport,Rail,End use Combustion of Energy Carriers,Quebec,644,581,587,591,679,656,593,542,570,493,539,567,546,562,572,667,691,604,567,469,484,531,435,423,442,433,416,446,531,545,484,472,508,561
Transport,Air,End use Combustion of Energy Carriers,Quebec,951,844,792,741,754,778,763,734,736,766,749,671,624,640,754,763,754,799,735,642,641,647,767,765,717,718,742,805,903,900,551,664,828,907
Buildings,Residential,End use Combustion of Energy Carriers,Quebec,6845,6214,6588,6600,6540,6135,6517,6204,5331,5576,5802,5183,5386,5931,6454,5657,5128,5638,5027,4814,4071,3758,3467,3400,3406,3327,3459,3124,3192,3239,2809,2778,2872,2538
Buildings,Commercial,End use Combustion of Energy Carriers,Quebec,4402,4311,4632,4741,4776,5097,5027,5026,4710,4738,5607,5426,5881,6591,5722,5410,4756,4707,4355,5281,5022,5029,4195,4381,4608,4821,4887,5158,4849,4947,4303,4578,4695,4159
Non Energy Ind,Non Energy Ind,End use Combustion of Energy Carriers,Quebec,14060,12884,12789,12457,13166,12757,13347,13414,13087,12763,12953,11756,11958,12147,12135,11043,10994,11627,11487,10417,10254,10317,11131,11406,10826,11095,10243,10608,11191,12057,10935,11129,11125,10889
Energy Sector,Oil and Gas,Production of Energy Carriers,Quebec,4120,3588,3589,3778,4058,3840,4013,3683,3756,3573,3777,3652,3627,3714,4096,3928,4009,4095,3906,3822,2860,2524,2344,2316,2241,2408,2166,2168,2414,2741,2539,2560,2722,2649
Energy Sector,Electricity,Production of Energy Carriers,Quebec,1492,488,917,253,445,337,376,410,1574,1153,568,538,422,1931,1694,616,920,1576,440,645,424,399,483,367,244,205,233,239,242,238,292,251,233,268
Ind Processes,Ind Processes,Non-Energy Emissions,Quebec,14329,15019,13420,14152,13655,13003,12862,12808,12972,12365,12432,13251,13324,12966,12415,12370,12406,11507,10740,10147,10160,11811,10930,11470,11284,9963,9737,10315,10019,10344,10746,11016,10909,11235
Agric,Agric,Non-Energy Emissions,Quebec,6720,6512,6587,6703,6715,6935,7154,7226,7307,7279,7217,7529,7537,7503,7628,7501,7213,7681,7414,7342,7399,7389,7793,7601,7491,7847,7858,7404,7901,7701,7869,7716,7870,7913
Waste,Waste,Non-Energy Emissions,Quebec,4971,4913,4857,4777,4733,4212,4126,4357,5054,5072,5104,4877,4804,4772,4707,4660,4879,4530,4432,3678,3751,3472,3579,3740,3887,3972,4814,4830,4720,4633,4530,4475,4423,4380
Transport,Road,End use Combustion of Energy Carriers,New-Brunswick,2821,2789,2872,2948,3067,3065,3188,3182,3236,3323,3359,3312,3354,3324,3313,3411,3371,3292,3214,3017,3215,3815,3465,2825,2650,2951,3342,2921,2865,2770,2521,2459,2403,2429
Transport,Off Road,End use Combustion of Energy Carriers,New-Brunswick,726,705,696,733,824,790,820,875,934,1072,1169,1123,1118,1057,1108,1031,1029,1017,923,802,1060,1190,927,762,639,671,654,632,635,596,575,595,508,513
Transport,Marine,End use Combustion of Energy Carriers,New-Brunswick,187,185,183,182,180,179,182,184,187,190,193,200,206,213,220,227,227,226,226,226,226,207,187,167,148,129,146,146,136,142,119,131,221,242
Transport,Rail,End use Combustion of Energy Carriers,New-Brunswick,121,112,106,106,105,99,99,93,82,95,113,114,118,123,118,124,117,106,109,98,107,99,99,104,104,113,111,122,109,108,90,119,75,78
Transport,Air,End use Combustion of Energy Carriers,New-Brunswick,137,121,126,120,113,114,110,105,106,118,122,117,114,113,119,127,119,110,106,96,101,88,107,117,113,111,109,108,116,118,61,64,94,100
Buildings,Residential,End use Combustion of Energy Carriers,New-Brunswick,1036,1058,1068,1019,924,789,802,842,709,676,729,615,663,707,749,746,668,755,759,751,853,987,876,593,661,804,684,626,604,516,436,363,395,371
Buildings,Commercial,End use Combustion of Energy Carriers,New-Brunswick,579,645,502,457,501,550,493,590,502,488,585,526,418,485,632,603,698,708,702,443,532,781,839,327,401,417,380,271,306,332,326,311,341,352
Non Energy Ind,Non Energy Ind,End use Combustion of Energy Carriers,New-Brunswick,1880,1827,1782,1800,1853,1985,1921,1794,1681,1727,1782,1719,1595,1600,1590,1366,1290,1604,1059,1103,1156,1236,1138,969,746,727,663,688,723,728,619,701,879,662
Energy Sector,Oil and Gas,Production of Energy Carriers,New-Brunswick,1219,1157,1253,1453,1485,1276,1498,1540,1331,1444,1817,2409,2698,2512,2543,2259,2383,2383,2439,2213,2634,2612,2371,2296,166,193,189,214,162,198,175,197,215,218
Energy Sector,Electricity,Production of Energy Carriers,New-Brunswick,6007,5433,6168,5169,6327,6965,6169,8607,9844,8524,8966,10469,8931,8719,9090,8412,7536,7402,6937,6812,5160,4730,4036,4027,4447,4234,4648,3950,4355,3931,2601,3273,3852,3008
Ind Processes,Ind Processes,Non-Energy Emissions,New-Brunswick,185,204,210,220,258,333,398,388,337,324,398,455,450,538,591,253,254,262,362,960,1473,884,920,864,378,379,470,499,511,341,349,339,347,328
Agric,Agric,Non-Energy Emissions,New-Brunswick,439,433,444,433,432,442,438,450,477,484,484,467,488,488,488,471,472,447,423,427,423,405,434,436,436,385,422,396,406,403,398,414,409,394
Waste,Waste,Non-Energy Emissions,New-Brunswick,782,795,822,835,863,880,892,894,894,892,889,883,877,851,832,813,789,715,669,636,608,608,549,555,568,551,521,531,531,563,589,644,650,664
Transport,Road,End use Combustion of Energy Carriers,Newfoundland,1497,1485,1511,1609,1569,1499,1500,1469,1482,1518,1567,1609,1643,1890,1726,1759,1711,1978,2199,1977,2060,2524,2420,2267,2579,2571,2553,2547,2395,2328,2055,2055,2083,1997
Transport,Off Road,End use Combustion of Energy Carriers,Newfoundland,681,566,502,543,579,590,624,707,709,762,839,858,923,868,781,882,819,829,754,767,767,773,791,695,807,1061,1085,999,1040,1045,700,757,756,770
Transport,Marine,End use Combustion of Energy Carriers,Newfoundland,744,743,743,743,743,742,752,761,770,779,788,812,837,862,886,911,895,879,862,846,830,769,707,646,584,523,565,598,591,622,569,537,573,616
Transport,Rail,End use Combustion of Energy Carriers,Newfoundland,87,75,75,67,83,85,68,45,55,36,45,44,47,54,41,58,68,46,82,74,87,138,76,83,74,78,76,89,68,94,65,72,83,105
Transport,Air,End use Combustion of Energy Carriers,Newfoundland,238,233,231,209,217,217,246,257,269,287,297,264,290,372,363,339,303,313,315,287,289,287,310,303,311,307,303,280,289,281,153,175,246,267
Buildings,Residential,End use Combustion of Energy Carriers,Newfoundland,726,691,714,711,650,626,592,622,527,486,465,504,570,530,479,361,359,519,561,461,427,500,395,316,380,306,353,447,440,420,369,277,249,228
Buildings,Commercial,End use Combustion of Energy Carriers,Newfoundland,320,311,301,325,339,318,308,361,301,313,311,355,387,432,386,358,289,335,291,205,259,262,203,544,630,598,571,487,316,352,312,282,314,317
Non Energy Ind,Non Energy Ind,End use Combustion of Energy Carriers,Newfoundland,1723,1229,1121,1067,1381,1382,1384,1556,1309,1048,1288,1091,1062,1262,1307,1439,1169,1120,1127,1084,1055,982,940,883,935,967,494,554,794,914,818,947,931,827
Energy Sector,Oil and Gas,Production of Energy Carriers,Newfoundland,1073,1041,874,1057,473,968,1135,1301,3408,2691,1836,1711,3381,2877,2625,2493,2816,2950,2518,2571,2459,2164,2149,2302,2408,2352,2605,2479,2693,2754,1698,1360,1283,1265
Energy Sector,Electricity,Production of Energy Carriers,Newfoundland,1640,1300,1503,1364,726,1275,1185,1242,1050,827,821,1710,1897,1587,1288,822,644,1044,924,824,738,790,768,867,1205,1339,1522,1528,1126,1139,951,646,685,680
Ind Processes,Ind Processes,Non-Energy Emissions,Newfoundland,98,80,85,94,97,115,115,135,141,152,149,140,129,204,322,154,130,133,141,170,217,252,208,214,194,188,200,231,241,213,228,218,198,196
Agric,Agric,Non-Energy Emissions,Newfoundland,51,51,52,50,51,52,50,50,59,51,64,55,55,79,67,64,70,70,72,74,89,107,135,96,93,84,86,81,81,82,81,80,79,82
Waste,Waste,Non-Energy Emissions,Newfoundland,601,614,628,641,654,664,667,660,652,647,644,643,642,639,635,632,636,641,643,562,559,559,579,583,591,593,607,606,607,601,604,576,579,572
Transport,Road,End use Combustion of Energy Carriers,Nova-Scotia,3009,2876,2976,3081,3130,3267,3242,3259,3325,3505,3452,3397,3498,3737,3622,3603,3568,3473,3541,3443,3460,3918,3808,3470,3274,3803,3776,3880,3991,3904,3433,3653,3710,3829
Transport,Off Road,End use Combustion of Energy Carriers,Nova-Scotia,903,778,788,810,867,839,758,830,850,981,1031,1040,1075,1067,1193,1149,1040,991,920,780,993,1000,849,821,636,671,690,822,862,803,710,727,706,717
Transport,Marine,End use Combustion of Energy Carriers,Nova-Scotia,482,483,484,485,486,488,495,502,509,517,523,532,540,550,559,568,567,567,566,565,565,518,471,424,377,331,308,317,387,353,279,279,330,404
Transport,Rail,End use Combustion of Energy Carriers,Nova-Scotia,58,53,49,47,85,71,72,51,55,46,51,52,50,52,53,63,53,47,56,53,56,59,38,41,42,44,46,51,43,35,26,28,32,37
Transport,Air,End use Combustion of Energy Carriers,Nova-Scotia,299,273,276,263,279,283,274,280,296,327,324,278,264,278,283,277,273,263,250,236,238,232,262,271,264,269,266,278,302,295,127,137,252,275
Buildings,Residential,End use Combustion of Energy Carriers,Nova-Scotia,2106,1856,1976,1990,1848,1597,1711,1815,1678,1681,1753,1855,1878,2039,1468,1330,1406,1671,1674,1719,1707,1926,1676,1494,1356,1382,1137,1171,1292,1288,1199,1088,1131,945
Buildings,Commercial,End use Combustion of Energy Carriers,Nova-Scotia,808,793,947,789,737,815,822,969,788,916,934,1027,975,1119,1403,x,1012,1106,912,809,781,910,646,614,537,652,539,587,566,571,553,565,609,607
Non Energy Ind,Non Energy Ind,End use Combustion of Energy Carriers,Nova-Scotia,966,934,984,904,1027,1192,1064,1066,1069,1028,1045,771,923,840,867,688,690,731,767,743,697,693,624,468,450,431,378,398,382,334,255,288,281,286
Energy Sector,Oil and Gas,Production of Energy Carriers,Nova-Scotia,2508,2620,2186,2370,1824,1689,1551,1529,1327,1117,1695,1501,1763,1995,1592,1432,1392,1277,1378,1396,1414,1553,1517,1397,824,632,465,408,399,199,142,53,63,220
Energy Sector,Electricity,Production of Energy Carriers,Nova-Scotia,6868,7043,7445,7375,7210,6998,7233,7781,8154,8588,9432,9086,7743,8523,10385,10036,9594,11064,9176,9083,8780,8425,7613,7519,6941,6703,6575,6653,6966,6665,6281,6042,5782,4811
Ind Processes,Ind Processes,Non-Energy Emissions,Nova-Scotia,336,291,233,250,298,409,358,272,460,462,435,387,457,517,505,491,445,481,487,369,485,570,574,639,512,523,522,450,474,438,468,454,458,471
Agric,Agric,Non-Energy Emissions,Nova-Scotia,433,432,440,436,446,440,439,477,451,436,448,426,419,418,415,406,402,397,392,375,361,367,370,374,373,358,353,347,345,337,344,340,339,333
Waste,Waste,Non-Energy Emissions,Nova-Scotia,801,812,824,837,853,829,844,842,846,838,824,807,806,755,715,625,620,506,507,466,484,476,487,510,532,503,516,519,527,551,571,584,593,596
Transport,Road,End use Combustion of Energy Carriers,Prince-Edouard Island,416,427,426,430,465,483,496,504,532,554,545,540,562,586,584,571,568,585,580,561,569,649,640,568,575,578,597,611,587,581,527,562,546,562
Transport,Off Road ,End use Combustion of Energy Carriers,Prince-Edouard Island,180,155,136,141,147,141,144,156,163,181,189,170,159,148,160,164,144,131,112,139,150,167,139,100,103,132,151,148,150,154,159,153,147,133
Transport,Marine,End use Combustion of Energy Carriers,Prince-Edouard Island,38,37,37,37,37,36,38,40,41,43,45,46,48,50,52,53,54,55,56,58,59,57,55,53,51,49,52,60,67,64,25,24,48,71
Transport,Rail,End use Combustion of Energy Carriers,Prince-Edouard Island,-,-,-,-,-,-,-,-,-,-,-,-,-,-,-,-,-,-,-,-,-,-,-,-,-,-,-,-,-,-,-,-,-,-
Transport,Air,End use Combustion of Energy Carriers,Prince-Edouard Island,17,12,11,12,12,13,13,12,10,11,11,13,9,11,12,13,15,16,17,17,18,17,20,21,19,20,21,22,24,25,9,11,25,30
Buildings,Residential,End use Combustion of Energy Carriers,Prince-Edouard Island,369,338,356,335,316,287,309,321,300,289,294,286,303,303,331,309,307,401,368,404,368,438,356,302,260,209,215,223,212,222,204,184,191,169
Buildings,Commercial,End use Combustion of Energy Carriers,Prince-Edouard Island,202,197,195,194,197,214,221,224,210,205,219,205,200,202,182,152,124,103,92,80,77,117,105,102,93,96,67,57,61,55,65,65,69,66
Non Energy Ind,Non Energy Ind,End use Combustion of Energy Carriers,Prince-Edouard Island,86,102,118,119,119,120,147,167,150,108,182,150,143,169,176,169,185,197,185,149,202,173,205,128,86,73,79,85,72,95,156,154,137,141
Energy Sector,Oil and Gas,Production of Energy Carriers,Prince-Edouard Island,0,0,0,0,0,0,0,0,0,0,0,0,0,0,0,0,0,0,0,0,0,0,0,0,0,0,0,0,0,0,1,1,1,1
Energy Sector,Electricity,Production of Energy Carriers,Prince-Edouard Island,104,93,52,75,59,39,27,34,8,16,53,47,24,37,10,6,10,6,5,7,2,1,11,4,4,14,4,9,3,1,0,2,1,4
Ind Processes,Ind Processes,Non-Energy Emissions,Prince-Edouard Island,6,6,6,6,6,8,9,11,13,15,18,19,23,24,26,26,28,31,32,34,35,40,41,43,46,46,47,49,53,53,52,51,51,51
Agric,Agric,Non-Energy Emissions,Prince-Edouard Island,298,297,308,300,308,317,320,319,331,329,323,307,318,323,336,331,318,299,286,265,255,254,268,243,267,250,279,272,284,287,294,307,314,289
Waste,Waste,Non-Energy Emissions,Prince-Edouard Island,73,75,77,79,81,84,86,88,89,90,92,93,95,106,93,91,89,85,88,87,86,84,83,81,80,79,78,77,75,93,89,109,73,74